Compositions,Strength,Dosage,Ceiling_price
5-aminosalicylic acid (mesalazine/ mesalaine),400 mg,tablet,9.3
5-aminosalicylic acid (mesalazine/ mesalaine),500 mg,suppository retention enema,21.04
5-fluorouracil,250 mg/ 5 ml,injection,2.9
6-mercaptopurine,50 mg,tablet,5.25
abacavir,60 mg (p),tablet,48.59
abacavir (a) + lamivudine (b),600 mg (a) + 300 mg (b),tablet,72.31
abacavir (a) + lamivudine (b),60 mg (a) + 30 mg (b) (p),tablet,25
acetazolamide,250 mg,tablet,4.05
acetylsalicylic acid,300 mg to 500 mg,tablet,0.28
acetylsalicylic acid,300 mg to 500 mg,effervescent/ dispersible/ enteric coated tablet,0.28
acetylsalicylic acid,100 mg,conventional/effervescent/ dispersible/ enteric coated tablet,0.22
acetylsalicylic acid,75 mg,conventional/effervescent/ dispersible/ enteric coated tablet,0.38
acetylsalicylic acid,325 mg,conventional/effervescent/ dispersible/ enteric coated tablets,0.68
acetylsalicylic acid,150 mg,conventional/effervescent/ dispersible/ enteric coated tablets,0.5
actinomycin d,0.5 mg,powder for injection,331
activated charcoal,powder (as licensed),,
acyclovir,200 mg,tablet,7.61
acyclovir,400 mg,tablet,13.65
acyclovir,800 mg,tablet,37.66
acyclovir,250 mg,powder for injection,426.37
acyclovir,500 mg,powder for injection,528.41
acyclovir,400 mg/5 ml (p),oral liquid,1.35
acyclovir,3%,ointment,11.67
acyclovir,250 mg,injection,426.37
adenosine,3 mg/ml,injection,92.84
adrenaline,1 mg/ml,injection,12.23
albendazole,200 mg/5 ml (p),oral liquid,1.79
albendazole,400 mg,chewable tablet,8.12
albendazole,400 mg,tablet,7.04
allopurinol,300 mg,tablet,5.62
allopurinol,100 mg,tablet,1.89
all-trans retinoic acid,10 mg,capsule,
alprostadil,0.5 mg/ml,injection,6106.41
amikacin,100 mg/ml,injection,
amikacin,250 mg/ml,injection,54.16
amikacin,500 mg/ml,injection,
amiodarone,100 mg,tablet,6.14
amiodarone,200 mg,tablet,11.51
amiodarone,50 mg/ml,injection,21.13
amitriptyline,25 mg,tablet,2.48
amitriptyline,75 mg,tablet,5.44
amitriptyline,10 mg,tablet,2.38
amitriptyline,50 mg,tablet,5.98
amlodipine,2.5 mg,tablet,1.79
amlodipine,5 mg,tablet,2.5
amlodipine,10 mg,tablet,5.44
amoxicillin,250 mg,capsule,2.44
amoxicillin,500 mg,capsule,7.35
amoxicillin,125 mg/5 ml (p),oral liquid,1.02
amoxicillin,250 mg/5 ml (p),oral liquid,1.55
amoxicillin,250 mg,injection,24.79
amoxicillin,500 mg,injection,54.64
amoxicillin,1000 mg,injection,
amoxicillin (a) + clavulanic acid (b),500 mg (a) + 125 mg (b),tablet,18.29
amoxicillin (a) + clavulanic acid (b),200 mg (a) + 28.5 mg (b)/5 ml (p),oral liquid,2.01
amoxicillin (a) + clavulanic acid (b),125 mg (a) + 31.25(b)/5ml(p),dry syrup,2.05
amoxicillin (a) + clavulanic acid (b),500 mg (a) + 100 mg (b),powder for injection,101.33
amoxicillin (a) + clavulanic acid (b),1 g (a) + 200 mg (b),powder for injection,140.64
amphotericin b,amphotericin b (conventional) - 50mg/vial,injection,227.39
amphotericin b(liposomal),50 mg,powder for injection,9294.89
amphotericin b(lipid), 50 mg,powder for injection,3990.4
ampicillin,1000 mg,powder for injection,
ampicillin,500 mg,powder for injection,14.25
anti-rabies immunoglobulin,300 iu/ml,injection,121.76
arsenic trioxide,1mg/ ml,injection,30.54
artemether (a) + lumefantrine (b),20 mg (a) + 120 mg (b),tablet,
artemether (a) + lumefantrine (b),40 mg (a) + 240 mg (b),tablet,
artemether (a) + lumefantrine (b),80 mg (a) + 480 mg (b),tablet,
artesunate,120 mg,powder for injection,454.4
artesunate,60 mg,powder for injection,244.71
artesunate (a) + sulphadoxine - pyrimethamine (b),combi pack (a+b) 1 tablet 50mg (a) + 1tablet (500mg + 25mg) (b),tablet,22.54
artesunate (a) + sulphadoxine - pyrimethamine (b), 150 mg(a) + 2 tablet (500 mg+ 25 mg) (b) combi pack,tablet,49.84
artesunate (a) + sulphadoxine - pyrimethamine (b),tablet 200 mg(a) + 2 tablet (750 mg+ 37.5 mg) (b) combi pack,tablet,45.45
artesunate (a) + sulphadoxine - pyrimethamine (b),tablet 25 mg(a) + 1,tablet,24.47
ascorbic acid (vitamin c),500 mg,tablet,1.48
ascorbic acid (vitamin c),100 mg,tablet,0.23
atazanavir (a) + ritonavir (b),300 mg (a) + tablet 100 mg (b),tablet,
atorvastatin,10 mg,tablet,4.94
atorvastatin,20 mg,tablet,12.55
atorvastatin,40 mg,tablet,19.29
atorvastatin,80 mg,tablet,40.57
atracurium,10 mg/ml,injection,16.97
atropine,0.6 mg/ml,injection,4.57
atropine,1%,ointment,4.7
atropine,1%,drops,3.93
azathioprine,50 mg,tablet,11.25
azathioprine,25 mg (p),tablet,7.24
azithromycin,250 mg,tablet,11.64
azithromycin,500 mg,tablet,23.56
azithromycin,200 mg/5 ml (p),oral liquid,3.4
azithromycin,500 mg,powder for injection,204.71
azithromycin,1000 mg,tablet,57.77
baclofen,5 mg,tablet,6.36
baclofen,10 mg,tablet,11.89
baclofen,20 mg,tablet,16.28
barium sulphate,95% w/v,oral liquid,
bcg vaccine,,,11.12
bedaquiline,100 mg,tablet,
bendamustine hydrochloride,100 mg/vial,injection,4946.53
bendamustine hydrochloride,25 mg/ vial,injection,
benzathine benzylpenicillin,6 lac units,powder for injection,11.69
benzathine benzylpenicillin,12 lac units,powder for injection,19.81
benzathine benzylpenicillin,24 lac units,powder for injection,
benzoyl peroxide,2.50%,gel,3.62
benzoyl peroxide,5%,gel,7.97
benzylpenicillin,10 lac units,powder for injection,
benzylpenicillin,5 lac units,powder for injection,
betamethasone,4 mg/ml,injection,4.74
betamethasone valerate,0.05%,cream,0.67
betamethasone valerate,0.10%,cream,1.04
bicalutamide,50 mg,tablet,43.3
bisacodyl,5 mg,tablet,1.16
bisacodyl,5 mg,suppository,9.97
bleomycin,15 units,injection,677.37
bortezomib,2 mg,injection,5260.2
budesonide,50 mcg/dose,nasal spray,1.26
budesonide,100 mcg/dose,nasal spray,1.13
budesonide,100 mcg/dose,inhalation,2.48
budesonide,200 mcg/dose,inhalation,2.19
budesonide,0.5 mg/ml,nebulizer,11.89
budesonide,1 mg/ml,nebulizer,13.14
budesonide (a) + formoterol (b),100 mcg (a) + 6 mcg (b),inhalation,2.12
budesonide (a) + formoterol (b),200 mcg (a) + 6 mcg (b),inhalation,3.33
budesonide (a) + formoterol (b),400 mcg (a) + 6 mcg (b),inhalation,3.8
bupivacaine,0.25%,injection,2.82
bupivacaine,0.50%,injection,4.41
bupivacaine,0.5 % with 7.5 % glucose,injection,7.38
buprenorphine,0.4 mg,tablet,9.42
buprenorphine (a) + naloxone (b),2 mg (a) + 0.5 mg (b),tablet,36.97
buprenorphine (a) + naloxone (b),0.4 mg (a) + 0.1mg(b),tablet,11.81
caffeine,20 mg/ml,injection,250.49
caffeine,20 mg/ml,oral liquid,245.67
calamine,,lotion,0.95
calcium carbonate,250 mg,tablet,2.43
calcium carbonate,625 mg,tablet,
calcium folinate,3 mg/ml,injection,
calcium folinate,15 mg,tablet,47.53
calcium gluconate,100 mg/ml,injection,0.68
capecitabine,500 mg,tablet,112.71
carbamazepine,100 mg,tablet,1.06
carbamazepine,200 mg,tablet,1.56
carbamazepine,400 mg,tablet,3.55
carbamazepine,100 mg/5 ml (p),oral liquid,0.31
carbimazole,5 mg,tablet,2.81
carbimazole,10 mg,tablet,4.26
carbimazole,20 mg,tablet,13.86
carboplatin,10 mg/ml,injection,59.06
carboxymethyl cellulose,0.50%,drops,
carboxymethyl cellulose,1%,drops,
cefadroxil,500 mg,tablet,8.9
cefadroxil,100 mg,tablet,
cefadroxil,125 mg/5 ml (p),oral liquid,0.68
cefazolin,1000 mg,powder for injection,
cefazolin,500 mg,powder for injection,19.37
cefixime,200 mg,tablet,9.77
cefixime,400 mg,tablet,22.09
cefixime,50 mg/5 ml (p),oral liquid,1.62
cefixime,100 mg/5 ml (p),oral liquid,2.38
cefotaxime,250 mg,injection,17.71
cefotaxime,500 mg,injection,24.37
cefotaxime,1000 mg,injection,39.96
ceftazidime,1000 mg,injection,227.01
ceftazidime,250 mg,injection,79.06
ceftriaxone,250 mg,injection,28.34
ceftriaxone,500 mg,injection,50.27
ceftriaxone,1000 mg,injection,62.38
ceftriaxone,2000 mg,injection,138.11
cefuroxime,500 mg,tablet,51.43
cefuroxime,125 mg/5 ml (p),oral liquid,5.28
cefuroxime,1500 mg,injection,338.74
cetirizine,5 mg/5 ml (p),oral liquid,0.66
cetirizine,10 mg,tablet,1.88
chlorambucil,5 mg,tablet,103.25
chlorambucil,5 mg,tablet,77.21
chlorambucil,2 mg,tablet,45.94
chlorambucil,2 mg,tablet,31.16
chlorhexidine,5% (concentrate),solution,0.19
chloroquine,50 mg/5 ml,oral liquid,0.33
chloroquine,150 mg,tablet,1.16
cholecalciferol,1000 iu,solid oral dosage,23.14
cholecalciferol,400 iu/ml,oral liquid,2.61
cholecalciferol,60000 iu,solid oral dosage,22.5
ciprofloxacin,250 mg,tablet,2.19
ciprofloxacin,500 mg,tablet,4.24
ciprofloxacin,250 mg/ 5 ml (p),oral liquid,0.74
ciprofloxacin,200 mg/ 100 ml,injection,0.2
ciprofloxacin,0.30%,drops,1.53
ciprofloxacin,0.30%,ointment,1.28
cisplatin,1mg/ml,injection,7.08
clarithromycin,250 mg,tablet,23.89
clarithromycin,500 mg,tablet,39.83
clarithromycin,125 mg/5 ml (p),oral liquid,4.6
clarithromycin,750 mg,tablet,
clarithromycin,250 mg,tablet,
clindamycin,150 mg /ml,injection,60.6
clindamycin,300 mg,capsule,28.36
clindamycin,150 mg,capsule,16.35
clindamycin,300 mg,tablet,18.97
clobazam,10 mg,tablet,9.84
clobazam,5 mg,tablet,5.72
clofazimine,100 mg,capsule,4.61
clofazimine,100 mg,capsule,3.98
clofazimine,50 mg,capsule,2.7
clofazimine,50 mg,capsule,2.11
clomiphene citrate,50 mg,tablet,8.83
clomiphene citrate,100 mg,tablet,13.94
clomipramine,100 mg,capsule,51.14
clomipramine,25 mg,capsule,
clomipramine,75 mg,capsule,
clonazepam,0.25 mg,tablet,2.01
clonazepam,0.5 mg,tablet,3.45
clonazepam,1 mg,tablet,4.76
clopidogrel,75 mg,tablet,6.66
clopidogrel,150 mg,tablet,20.48
clotrimazole,100 mg,pessary,10.01
clotrimazole,1%,lotion,3.89
clotrimazole,1%,cream,3
clotrimazole,1%,drops,3.37
clotrimazole,1%,ointment,
cloxacillin,250 mg,capsule,1.41
cloxacillin,500 mg,capsule,2.37
cloxacillin,125 mg/5 ml (p),oral liquid,
cloxacillin,250 mg,powder for injection,5.52
clozapine,25 mg,tablet,2.78
clozapine,50 mg,tablet,5.19
clozapine,100 mg,tablet,8.45
coagulation factor ix,600 iu,powder for injection,
coagulation factor viii,250 iu,powder for injection,
coagulation factor viii,500 iu,powder for injection,
coal tar (a) + salicylic acid (b),1 % (a) + 3 % (b),solution,
colchicine,0.5 mg,tablet,3.26
condom,,,
co-trimoxazole [sulphamethoxazole(a) + trimethoprim (b)],400 mg (a) + 80 mg (b),tablet,0.89
co-trimoxazole [sulphamethoxazole(a) + trimethoprim (b)],800 mg (a) + 160 mg (b),tablet,2.3
co-trimoxazole [sulphamethoxazole(a) + trimethoprim (b)],200 mg (a) + 40 mg (b)/5 ml (p),oral liquid,0.34
cryoprecipitate,,,
cyclophosphamide,500 mg,powder for injection,73.48
cyclophosphamide,50 mg,tablet,3.73
cycloserine,250 mg,capsule,59.18
cycloserine,125 mg,capsule,
cyclosporine,25 mg,capsule,28.04
cyclosporine,50 mg,capsule,55.1
cyclosporine,100 mg,capsule,103.1
cyclosporine,100 mg/ml (p),oral liquid,80.58
cyclosporine,50 mg/ml,injection,335.78
cytosine arabinoside,500 mg/vial,injection,536.3
cytosine arabinoside,1000 mg/vial,injection,1130.26
cytosine arabinoside,100 mg/vial,injection,139.58
d- penicillamine,250 mg,capsule,
d- penicillamine,150 mg (p),capsule,
dabigatran,110 mg,tablet,31.81
dabigatran,150 mg,tablet,35.59
dacarbazine,500 mg,powder for injection,518.79
dacarbazine,200 mg,powder for injection,381.72
daclatasvir,60 mg,tablet,199.95
daclatasvir,30 mg,tablet,
dapsone,100 mg,tablet,0.44
dapsone,100 mg,tablet,0.41
dapsone,50 mg,tablet,0.29
darunavir,600 mg,tablet,154.42
darunavir (a) + ritonavir (b),600 mg (a) + tablet 100 mg (b),tablet,146.45
daunorubicin,5 mg/ml,injection,
delamanid,50 mg,tablet,
desferrioxamine,500 mg,powder for injection,200.19
dexamethasone,0.5 mg,tablet,0.22
dexamethasone,2 mg,tablet,
dexamethasone,4 mg,tablet,4.61
dexamethasone,4 mg/ml,injection,11.6
dexamethasone,0.5 mg/5 ml (p),oral liquid,
dextran-40,10%,injection,1.05
diazepam,5 mg,suppository,6.18
diazepam,5 mg/ml,injection,5.53
diazepam,2 mg/5 ml (p),oral liquid,3.39
diazepam,2 mg,tablet,1.43
diazepam,5 mg,tablet,1.62
diclofenac,25 mg/ml,injection,1.69
diclofenac,50 mg,tablet,2.05
dicyclomine,10 mg,tablet,0.13
dicyclomine,10 mg/5ml,oral solution,0.2
dicyclomine,10 mg/ ml,injection,3.31
diethylcarbamazine (dec),50 mg,tablet,0.56
diethylcarbamazine (dec),100 mg,tablet,1.67
diethylcarbamazine (dec),120 mg/5 ml (p),oral liquid,0.48
digoxin,0.25 mg,tablet,1.33
digoxin,0.05 mg/ml,oral liquid,1.46
digoxin,0.25 mg/ml,injection,3.86
diltiazem,30 mg,tablet,2.67
diltiazem,60 mg,tablet,5.46
diltiazem,180 mg,tablet,
diltiazem,5 mg/ml,injection,
dinoprostone,0.5 mg,gel,84.71
dinoprostone,0.5 mg,tablet,62.3
diphtheria antitoxin,10000 iu ,1631.6,
dobutamine,50 mg/ml,injection,9.02
docetaxel,80 mg,injection,10333.12
docetaxel,20 mg,injection,2868.23
dolutegravir,50 mg,tablet,122.78
domperidone,10 mg,tablet,2.3
domperidone,1 mg/ml,oral liquid,1.24
donepezil,10 mg,tablet,17.45
donepezil,5 mg,tablet,12.1
dopamine,40 mg/ml,injection,4.76
doxorubicin,2 mg/ml,injection,31.75
doxycycline,100 mg,capsule,3.18
doxycycline,50 mg/5 ml (p),dry syrup,
doxycycline,100 mg,injection,502.6
doxycycline,100 mg,capsule,3.08
dpt+ hib+ hep b vaccine,,as licensed,75.64
efavirenz,600 mg,tablet,70.59
efavirenz,200 mg (p),tablet,22.53
enalapril,2.5 mg,tablet,2.18
enalapril,5 mg,tablet,3.7
enoxaparin,40 mg/ 0.4 ml - 60mg/0.6 ml,injection,111.97
entecavir,0.5 mg,tablet,84.43
entecavir,1 mg,tablet,130.22
entecavir,0.05 mg/ml (p),oral liquid,
erythropoietin,10000 iu/ml,injection,1969
erythropoietin,2000 iu/ml,injection,549.55
escitalopram,5 mg,tablet,5.02
escitalopram,10 mg,tablet,9
escitalopram,20 mg,tablet,14.36
esmolol,10 mg/ml,injection,26.38
ethambutol,200 mg,tablet,1.14
ethambutol,400 mg,tablet,2.61
ethambutol,600 mg,tablet,4.8
ethambutol,800 mg,tablet,4.95
ethinylestradiol (a)+ levonorgestrel (b),0.03 mg (a) + tablet 0.15  mg (b),tablet,3.17
ethionamide,250 mg,tablet,14.81
ethionamide,125 mg,tablet,
ethyl alcohol (denatured),70%,solution,0.52
etoposide,20 mg/ml,injection,34.51
etoposide,50 mg,capsule,56.63
fentanyl,50 mcg/ml,injection,28.26
ferrous salt (a)+ folic acid (b),45 mg elemental iron (a) + 400 mcg (b),tablet,
ferrous salt (a)+ folic acid (b),100 mg elemental iron (a) + 500 mcg (b),tablet,0.28
ferrous salt (a)+ folic acid (b),20 mg elemental iron(a) + 100 mcg/ml (b) (p),oral liquid,
ferrous salts(a) iron dextran(b) iron sorbitol citrate complex,60 mg,tablet,
ferrous salts(a) iron dextran(b) iron sorbitol citrate complex,50 mg/ml,injection,
filgrastim,300 mcg,injection,1159.91
fluconazole,50 mg,tablet,9.67
fluconazole,100 mg,tablet,7.62
fluconazole,150 mg,tablet,12.06
fluconazole,200 mg,tablet,17.45
fluconazole,400 mg,tablet,29.74
fluconazole,50 mg/ 5 ml (p),oral liquid,3.25
fluconazole,200 mg / 100 ml,injection,92.32
fludrocortisone,0.1 mg,tablet,13.2
flunarizine,10 mg,tablet,4.82
flunarizine,5 mg,tablet,2.47
fluoxetine,20 mg,capsule,3.99
fluoxetine,10 mg,capsule,3.31
fluoxetine,40 mg,capsule,6.49
fluoxetine,60 mg,capsule,11.1
fluphenazine,25 mg/ml,injection,55.26
folic acid,1 mg,tablet,
folic acid,5 mg,tablet,1.51
framycetin,1%,cream,1.66
fresh frozen plasma,,,
furosemide,40 mg,tablet,0.9
furosemide,10 mg/ml,oral liquid,3.31
furosemide,10 mg/ ml,injection,2.99
fusidic acid,2%,cream,9.83
gadobenate,529 mg/ml,injection,135.67
gefitinib,250 mg,tablet,237.12
gemcitabine,1000 mg,powder for injection,5592.24
gemcitabine,200 mg,powder for injection,1299.72
gentamicin,40 mg/ml,injection,10.48
gentamicin,10 mg/ml,injection,2.41
glimepiride,2 mg,tablet,5.79
glimepiride,1 mg,tablet,3.7
glucose,25%,injection,0.2
glucose,10%,injection,32.15
glucose,50%,injection,0.6
glucose,5%,injection,
glucose(a) + sodium chloride (b),5% (a) + 0.9 % (b),injection,
glutaraldehyde,2%,solution,0.07
glyceryl trinitrate,0.5 mg,tablet,1.26
glyceryl trinitrate,5 mg/ml,injection,6.18
glycopyrrolate,0.2 mg/ml,injection,14.53
griseofulvin,250 mg,tablet,1.77
griseofulvin,375 mg,tablet,5.34
griseofulvin,125 mg,tablet,1.02
haemodialysis fluid,,,0.04
haloperidol,1.5 mg,tablet,1.56
haloperidol,5 mg,tablet,3.56
haloperidol,5 mg/ml,injection,6.51
haloperidol,20 mg,tablet,5.35
haloperidol,10 mg,tablet,4.77
haloperidol,2 mg,tablet,
haloperidol,2 mg/5 ml,oral liquid,2.24
halothane,,liquid for inhalation,6.09
heparin,1000 iu/ml,injection,21.21
heparin,5000 iu/ml,injection,59.96
hepatitis b immunoglobulin,,,5498.39
hepatitis b vaccine,,,78.82
homatropine,2%,drops,6.4
hormone releasing iud,52 mg,levonorgestrel,
human chorionic gonadotropin,2000 iu,injection,343.64
human chorionic gonadotropin,5000 iu,injection,
human chorionic gonadotropin,10000 iu,injection,928.24
human normal immunoglobulin,5%,solution,192.06
hydrochlorothiazide,12.5 mg,tablet,1.04
hydrochlorothiazide,25 mg,tablet,1.74
hydrochlorothiazide,50 mg,tablet,0.1
hydrocortisone,5 mg,tablet,3.11
hydrocortisone,10 mg,tablet,6.7
hydrocortisone,100 mg,injection,44.79
hydrocortisone,200 mg,injection,65.6
hydrocortisone,20 mg,tablet,14.88
hydrogen peroxide,6%,solution,0.04
hydroxocobalamin,1 mg/ml,injection,12.31
hydroxychloroquine,400 mg,tablet,13.8
hydroxychloroquine,200 mg,tablet,6.35
hydroxypropyl methylcellulose,2%,injection,29.2
hydroxyurea,500 mg,capsule,12.12
hyoscine butyl bromide,20 mg/ ml,injection,11.24
hyoscine butyl bromide,100 mg,tablet,
ibuprofen,400 mg,tablet,1.31
ibuprofen,100 mg/5 ml (p),oral liquid,0.22
ibuprofen,200 mg,tablet,0.7
ifosfamide,2000 mg,injection,643.11
ifosfamide,1000 mg,injection,318.94
imatinib,400 mg,tablet,199.61
imatinib,100 mg,tablet,69.75
insulin (soluble),40 iu/ml,injection,16.98
insulin glargine,100 iu/ml,injection,203.44
insulin intermediate acting (nph),40 iu/ml,injection,16.98
insulin premix injection 30:70 (regular : nph),40 iu/ml,injection,16.98
iohexol,140 to 350 mg iodine/ml,injection,14.23
ipratropium,250 mcg/ml,respirator solution for use in nebulizer,3.15
ipratropium,20 mcg/dose,inhalation,0.76
irinotecan hcl trihydrate,20 mg/ ml,injection,964.84
iron sucrose,20 mg/ml,injection,57.4
isoflurane,liquid for inhalation,liquid for inhalation,9.65
isoniazid,100 mg,tablet,0.65
isoniazid,300 mg,tablet,1.29
isoniazid,50 mg/5 ml (p),oral liquid,
isosorbide dinitrate,5 mg,tablet,0.81
isosorbide dinitrate,10 mg,tablet,0.8
ispaghula,,granules/ husk/ powder,0.94
itraconazole,200 mg,capsule,22.12
itraconazole,10 mg/ml,oral liquid,4.94
itraconazole,100 mg,capsule,16.67
iud containing copper,,,280.99
ivermectin,12 mg,tablet,37.37
ivermectin,6 mg,tablet,21.58
japanese encephalitis vaccine,4 mcg - 6 mcg,vaccine,
ketamine,10 mg/ml,injection,13.18
ketamine,50 mg/ml,injection,12.12
labetalol,50 mg,tablet,
labetalol,100 mg,tablet,15.15
labetalol,5 mg/ml,injection,49.98
lactulose,10 g/15 ml,oral liquid,1.23
lamivudine,150 mg,tablet,10.86
lamivudine,100 mg,tablet,10.4
l-asparaginase,10000 ku,powder for injection,1707.64
l-asparaginase,5000 ku,powder for injection,1034.81
latanoprost,0.01%,drops,232.57
lenalidomide,25 mg,capsule,292.25
lenalidomide,5 mg,capsule,67.25
letrozole,2.5 mg,tablet,29.31
leuprolide acetate,3.75 mg,injection,3112.5
leuprolide acetate,22.5 mg,injection,17080.55
leuprolide acetate,11.25 mg,injection,9293.96
levetiracetam,250 mg,tablet,6.3
levetiracetam,500 mg,tablet,12.98
levetiracetam,750 mg,tablet,18.29
levetiracetam,100 mg/ml (p),oral liquid,3.96
levetiracetam,100 mg/ml,injection,23.01
levodopa (a) + carbidopa (b),100 mg (a) + 25 mg (b),tablet,2.97
levodopa (a) + carbidopa (b),100 mg (a) + 10 mg (b),tablet,1.76
levodopa (a) + carbidopa (b),250 mg (a) + 25 mg (b),tablet,4.41
levodopa (a) + carbidopa (b),200 mg (a) + 50 mg (b),tablet,4.73
levofloxacin,250 mg,tablet,4.76
levofloxacin,500 mg,tablet,8.8
levofloxacin,750 mg,tablet,12.44
levonorgestrel,0.75 mg,tablet,28.64
levonorgestrel,1.5 mg,tablet,75.35
levothyroxine,37.50mcg,tablet,1.46
levothyroxine,100 mcg,tablet,1.32
levothyroxine,112mcg,tablet,1.65
levothyroxine,12.5 mcg,tablet,1.48
levothyroxine,125 mcg,tablet,1.69
levothyroxine,150 mcg,tablet,1.7
levothyroxine,25 mcg,tablet,1.44
levothyroxine,50 mcg,tablet,1.03
levothyroxine,62.5mcg,tablet,1.61
levothyroxine,75 mcg,tablet,1.43
levothyroxine,88 mcg,tablet,1.64
lignocaine,1%,injection,8.86
lignocaine,2%,injection,1.04
lignocaine,5 % with 7.5 % glucose,injection,3.49
lignocaine,2%,injection,1.04
lignocaine (a) + adrenaline (b),1% (a) + 1:200000(5 mcg/ml) (b),injection,0.56
lignocaine (a) + adrenaline (b),2% (a) + 1:200000 (5 mcg/ml) (b),injection,1.05
lignocaine,2-5 %,topical forms,1.13
linezolid,600 mg,tablet,35.66
linezolid,300 mg,tablet,22.64
lithium,300 mg,tablet,1.62
loperamide,2 mg,tablet,2.27
lopinavir (a) + ritonavir (b),100 mg (a) + 25 mg (b),tablet,29.27
lopinavir (a) + ritonavir (b),200 mg (a) + 50 mg (b),tablet,47.96
lopinavir (a) + ritonavir (b),80 mg (a) + 20 mg (b) /ml (p),oral liquid,
lopinavir (a) + ritonavir (b),40 mg (a) +10 mg (b) (p),capsule,
lorazepam,1 mg,tablet,2.3
lorazepam,2 mg,tablet,2.81
lorazepam,2 mg/ml,injection,8.09
lorazepam,4 mg/ml,injection,
magnesium sulphate,500 mg/ml,injection,4.86
mannitol,10%,injection,0.19
mannitol,20%,injection,0.34
measles vaccine,,vacine,63.47
mebendazole,100 mg,tablet,2.9
mebendazole,100 mg/5 ml (p),oral liquid,0.84
medroxyprogesterone acetate,5 mg,tablet,
medroxyprogesterone acetate,10 mg,tablet,
medroxyprogesterone acetate,150 mg/ ml,injection,289.74
mefenamic acid,100 mg/5 ml (p),oral liquid,
mefenamic acid,250 mg,tablet,2.1
mefloquine,250 mg,tablet,52.12
meglumine diatrizoate,76 % w/v,injection,9.47
meglumine diatrizoate,60 % w/v,injection,10.2
melphalan,5 mg,tablet,209.47
melphalan,5 mg,tablet,86.04
melphalan,2 mg,tablet,122.13
melphalan,2 mg,tablet,91.33
meropenem,1000 mg,injection,952.68
meropenem,500 mg,injection,722.98
mesna,100 mg/ml,injection,15.5
metformin,500 mg,tablet,2.01
metformin,1000 mg,tablet,3.48
methotrexate,5 mg,tablet,9.42
methotrexate,10 mg,tablet,13.28
methotrexate,2.5 mg,tablet,5.31
methotrexate,50 mg/ml,injection,49.86
methylergometrine,0.2 mg/ml,injection,14.94
methylergometrine,0.125 mg,tablet,8.93
methylprednisolone,40mg/ml,injection,45.66
methylprednisolone,40 mg/ml,injection,
methylrosanilinium chloride(gentian violet),0.25% to 2%,topical preparation,
methylthioninium chloride (methylene blue),10 mg/ml,injection,27.13
metoclopramide,10 mg,tablet,1.34
metoclopramide,5 mg/5 ml (p),oral liquid,0.5
metoclopramide,5 mg/ml,injection,2.66
metoprolol,25 mg,tablet,4.2
metoprolol,50 mg,tablet,5.84
metoprolol,100 mg,tablet,11.13
metoprolol,1 mg/ml,injection,3.39
metronidazole,200 mg,tablet,0.81
metronidazole,400 mg,tablet,1.52
metronidazole,200 mg/5 ml (p),oral liquid,0.51
metronidazole,500 mg/100 ml,injection,0.24
midazolam,7.5 mg,tablet,27.94
midazolam,0.5mg,nasal spray,79.93
midazolam,1 mg/ml,injection,5.92
midazolam,5 mg/ml,injection,10.87
midazolam,15 mg,tablet,
midazolam,0.5 mg/actuation,nasal spray,79.93
midazolam,1.25 mg/actuation,nasal spray,216.8
mifepristone,200 mg,tablet,350.89
miltefosine,50 mg,capsule,
misoprostol,200 mcg,tablet,18.97
misoprostol,100 mcg,tablet,9.92
montelukast,4 mg,tablet,10.03
montelukast,5 mg,tablet,11.71
montelukast,10 mg,tablet,16.43
morphine,10 mg/ml,injection,19.59
morphine,15 mg/ml,injection,14.93
morphine,10 mg,tablet,6.62
morphine,30 mg,tablet,6.78
moxifloxacin,400 mg,tablet,25.82
mupirocin,2%,ointment,20.29
mycophenolate mofetil,500 mg,tablet,79.87
mycophenolate mofetil,250 mg,tablet,49.6
n-acetylcysteine,200 mg/ml,injection,23.63
n-acetylcysteine,200 mg,sachet,11.2
naloxone,0.4 mg/ml,injection,92.72
natamycin,5%,drops,23.37
neostigmine,0.5 mg/ml,injection,
neostigmine,15 mg,tablet,4.58
nevirapine,200 mg,tablet,15.79
nevirapine,50 mg (p),tablet,
nevirapine,50 mg/ 5 ml (p),oral liquid,1.04
nicotine (for nicotine replacement therapy),4 mg,oral dosage forms,7.83
nicotine (for nicotine replacement therapy),2 mg,oral dosage forms,7.12
nifedipine,10 mg,tablet,1.53
nitrofurantoin,25 mg/5 ml (p),oral liquid,0.88
nitrofurantoin,100 mg,tablet,8.1
nitrous oxide,,,285.95
noradrenaline,2 mg/ml,injection,20.17
norethisterone,5 mg,tablet,5.39
nystatin,1 lac iu/ml (p),oral liquid,
nystatin,1 lac iu,pessary,
omeprazole,10 mg,capsule,2.41
omeprazole,20 mg,capsule,2.87
omeprazole,40 mg,capsule,6.14
omeprazole,40 mg,capsule,5.67
omeprazole,20 mg,powder for oral liquid,1.51
ondansetron,4 mg,tablet,5.13
ondansetron,8 mg,tablet,9.05
ondansetron,2 mg/5 ml (p),oral liquid,1.25
ondansetron,2 mg/ml,injection,5.96
oral poliomyelitis vaccine,,,127.66
oral rehydration salts,,,0.14
ormeloxifene (centchroman),30 mg,tablet,8.44
oxaliplatin,5 mg/ml in 20 ml vial,injection,
oxaliplatin,5 mg/ml in 10 ml vial,injection,2233.82
oxygen,,,28.83
oxytocin,5 iu/ml,injection,17.83
oxytocin,10 iu/ml,injection,39.87
paclitaxel,100 mg/16.7 ml - 30 mg/5 ml,injection,215.43
pantoprazole,40 mg,injection,50.45
para- aminosalicylic acid,,granules,3.54
paracetamol,500 mg,tablet,0.89
paracetamol,650 mg,tablet,2
paracetamol,120 mg/5 ml (p),oral liquid,0.6
paracetamol,125 mg/5 ml (p),oral liquid,0.37
paracetamol,250 mg/5 ml (p),oral liquid,0.67
paracetamol,150 mg/ ml,injection,1.6
paracetamol,80 mg,suppository,6.66
paracetamol,170 mg,suppository,7.94
paracetamol,120 mg/5ml (p),oral liquid,0.6
paracetamol,125 mg/5ml (p),oral liquid,0.37
paracetamol,250 mg/5ml (p),oral liquid,0.67
paromomycin,375 mg/ml,injection,
peritoneal dialysis solution,,,
permethrin,5%,cream,1.85
permethrin,1%,lotion,0.99
pheniramine,22.75 mg/ml,injection,2.75
phenobarbitone,30 mg,tablet,1.31
phenobarbitone,60 mg,tablet,1.89
phenobarbitone,20 mg/5 ml (p),oral liquid,0.49
phenobarbitone,200 mg/ml,injection,22.14
phenoxymethyl penicillin,250 mg,tablet,
phenylephrine,10%,drops,10.05
phenylephrine,5%,drops,4.64
phenytoin,50 mg,tablet,1.76
phenytoin,100 mg,tablet,1.76
phenytoin,300 mg,tablet,5.48
phenytoin,30 mg/5 ml (p),oral liquid,0.34
phenytoin,25 mg/ml,injection,3.12
phenytoin,125 mg/5 ml (p),oral liquid,1.09
phenytoin,50 mg/ml,injection,5.95
phytomenadione (vitamin k1),10 mg,tablet,14.54
phytomenadione (vitamin k1),10 mg/ml,injection,53.08
pilocarpine,2%,drops,10.83
pilocarpine,4%,drops,14.54
piperacillin (a) + tazobactam (b),1000 mg(a) + 125 mg (b),injection,99.65
piperacillin (a) + tazobactam (b),2000 mg (a) + 250 mg (b),injection,191.53
piperacillin (a) + tazobactam (b),4000 mg(a) + 500 mg (b),powder for injection,399.38
podophyllin resin,20%,solution,
potassium chloride,500 mg/5 ml,oral liquid,0.3
potassium chloride,150 mg/ml,injection,2.37
potassium permanganate,,crystals for topical solution,0.54
povidone iodine,4%,solution,2.16
povidone iodine,4%,solution,1.57
povidone iodine,4%,solution,1.74
povidone iodine,7.50%,solution,0.81
povidone iodine,10%,solution,0.96
povidone iodine,5%,solution,0.43
povidone iodine,5%,drops,
pralidoxime chloride (2-pam),25 mg/ml,injection,
praziquantel,600 mg,tablet,43.24
prednisolone,5 mg,tablet,0.68
prednisolone,10 mg,tablet,1.19
prednisolone,20 mg,tablet,2.93
prednisolone,5 mg/5 ml (p),oral liquid,0.49
prednisolone,15 mg/5 ml (p),oral liquid,0.86
prednisolone,40 mg,tablet,3.4
prednisolone,20 mg/2 ml,injection,4.46
prednisolone,1%,drops,5.76
primaquine,2.5 mg,tablet,2.37
primaquine,7.5 mg,tablet,1.74
primaquine,15 mg,tablet,5.13
procaine benzylpenicillin,1000 mg (=1 million iu),powder for injection,
proparacaine,0.50%,eye drops,10.24
propofol,10 mg/ml,injection,6.5
propranolol,10 mg,tablet,1.31
propranolol,20 mg,tablet,3.19
propranolol,40 mg,tablet,3.21
protamine sulphate,10 mg/ml,injection,9.77
pyrazinamide,500 mg,tablet,4.88
pyrazinamide,750 mg,tablet,7.2
pyrazinamide,1000 mg,tablet,10.52
pyrazinamide,1500 mg,tablet,11.8
pyrazinamide,250 mg/5 ml (p),oral liquid,0.76
pyridoxine,50 mg,tablet,
pyridoxine,100 mg,tablet,5.97
pyridoxine,10 mg,tablet,0.11
quinine,300 mg,tablet,5.65
quinine,300 mg/ml,injection,9.49
rabies vaccine,,,378.69
raltegravir,400 mg,tablet,147.88
ramipril,2.5 mg,tablet,5.21
ramipril,5 mg,tablet,8.18
ribavirin,200 mg,capsule,26.49
riboflavin,10 mg,tablet,
rifampicin,150 mg,capsule,2
rifampicin,300 mg,capsule,3.65
rifampicin,450 mg,capsule,5.67
rifampicin,600 mg,capsule,11.35
rifampicin,100 mg/ 5 ml (p),oral liquid,0.47
ringer lactate,100 ml,injection,26
risperidone,1 mg,tablet,3.02
risperidone,2 mg,tablet,4.48
risperidone,4 mg,tablet,7.35
risperidone,1 mg/ml,oral liquid,2.2
risperidone,25 mg,injection,1930.19
risperidone,37.5 mg,injection,2649.26
ritonavir,100 mg,tablet,29.2
rituximab,10 mg/ml,injection,761.76
rotavirus vaccine,,,854.52
salbutamol,2 mg,tablet,0.17
salbutamol,4 mg,tablet,0.21
salbutamol,2 mg/5 ml,oral liquid,0.17
salbutamol,100 mcg/dose,inhalation,0.49
salbutamol,5 mg/ml,respirator solution,0.68
salicylic acid,3-6 %,ointment,2.01
sevoflurane,,liquid for inhalation,31.16
silver sulphadiazine,1%,cream,0.62
snake venom antiserum,,lyophilized polyvalent,693.7
snake venom antiserum,,soluble/ liquid polyvalent - as licensed,428.65
snake venom antiserum,,lyophilized polyvalent - as licensed,665.22
sodium bicarbonate,,injection,
sodium chloride,0.90%,injection,42.05
sodium chloride,0.90%,injection,62.1
sodium chloride,0.90%,injection,87.93
sodium chloride,0.90%,injection,98.49
sodium chloride,0.90%,injection,73.87
sodium chloride,0.90%,injection,58.26
sodium chloride,0.90%,injection,21.84
sodium chloride,0.90%,injection,19.67
sodium chloride,0.90%,injection,29.46
sodium chloride,0.90%,injection,26.44
sodium chloride,0.90%,injection,40.96
sodium chloride,0.90%,injection,34.86
sodium chloride,3%,injection,
sodium nitrite,30 mg/ml,injection,32.34
sodium nitroprusside,10 mg/ml,injection,32.14
sodium thiosulphate,250 mg/ml,injection,
sodium valproate,200 mg,tablet,3.58
sodium valproate,300 mg,tablet,4.46
sodium valproate,500 mg,tablet,8.11
sodium valproate,200 mg/5 ml (p),oral liquid,0.65
sodium valproate,100 mg/ml,injection,6.47
sofosbuvir,400 mg,tablet,252.08
somatostatin,3 mg,powder for injection,1358.92
spironolactone,25 mg,tablet,2.18
spironolactone,50 mg,tablet,4.37
streptokinase,750000 iu,injection,1567.32
streptokinase,1500000 iu,injection,1877.23
streptomycin,750 mg,powder for injection,10.1
streptomycin,1000 mg,powder for injection,10.86
succinylcholine,50 mg/ml,injection,6.02
sulfasalazine,500 mg,tablet,4.72
sumatriptan,50 mg,tablet,55.68
sumatriptan,25 mg,tablet,41.44
surfactant,,suspension for intratracheal instillation (as licensed),83.27
tacrolimus,1 mg,capsule,40.62
tacrolimus,2 mg,capsule,84.33
tacrolimus,0.5 mg,capsule,20.97
tamoxifen,20 mg,tablet,2.94
tamoxifen,10 mg,tablet,2.2
telmisartan,20 mg,tablet,3.87
telmisartan,40 mg,tablet,6.76
telmisartan,80 mg,tablet,10.4
temozolomide,100 mg,capsule,1508.62
temozolomide,250 mg,capsule,4303.77
temozolomide,20 mg,capsule,441.31
tenecteplase,30 mg/vial,injection,36907.98
tenecteplase,40 mg/vial,injection,50386.9
teneligliptin,20 mg,tablet,11.08
tenofovir alafenamide fumarate (taf),25 mg,tablet,48.87
tenofovir disproxil fumarate (a) + lamivudine (b) + efavirenz (c),300 mg (a) + 300 mg (b) + 600 mg (c),tablet,102.83
tenofovir disproxil fumarate (a) + lamivudine (b) + dolutegravir (c),300 mg (a) + 300 mg (b)+ 50 mg (c),tablet,
tenofovir disproxil fumarate (a) + lamivudine (b),300 mg (a) + 300 mg (b),tablet,45.57
tenofovir disproxil fumarate (tdf),300 mg,tablet,45.83
terbinafine,1%,cream,5.25
tetanus toxoid,5 ml,,25.53
thalidomide,100 mg,capsule,62.01
thalidomide,50 mg,capsule,31.15
thiamine,100 mg/ml,injection,22.59
thiamine,100 mg,tablet,4.46
thiopentone,0.5 g,powder for injection,50.71
thiopentone,1 g,powder for injection,55.32
timolol,0.25%,drops,6.43
timolol,0.50%,drops,13.39
tiotropium,18 mcg/dose,18 mcg/dose,10.7
tiotropium,9 mcg/dose,9 mcg/dose,2.78
tramadol,100 mg,capsule,9.03
tramadol,50 mg/ml,injection,11.78
tramadol,50 mg,capsule,4.82
tranexamic acid,500 mg,tablet,18.54
tranexamic acid,100 mg/ml,injection,13.71
trastuzumab,440 mg/50 ml,injection,54722.18
trihexyphenidyl,2 mg,tablet,1.36
tropicamide,1%,drops,9.42
valganciclovir,50 mg/ml,powder for oral solution,
valganciclovir,450 mg,tablet,400.71
vancomycin,125 mg,capsule,
vancomycin,250 mg,capsule,152.38
vancomycin,250 mg,injection,251.24
vancomycin,500 mg,injection,317.61
vancomycin,1000 mg,injection,470.23
vecuronium,10 mg,injection,117.35
vecuronium,4 mg,injection,74.4
verapamil,40 mg,tablet,0.86
verapamil,80 mg,tablet,1.59
verapamil,2.5 mg/ ml,injection,1.45
vinblastine,1 mg/ml,injection,25.54
vincristine,1 mg/ml,injection,57.51
vitamin a,100000 iu/ml,oral liquid,
vitamin a,50000 iu/ml,injection,2.26
vitamin a,50000 iu (including chewable tablet),capsule/tablet,0.72
warfarin,1 mg,tablet,3
warfarin,1 mg,tablet,2.46
warfarin,2 mg,tablet,3.31
warfarin,2 mg,tablet,2.72
warfarin,3 mg,tablet,3.89
warfarin,3 mg,tablet,3.18
warfarin,5 mg,tablet,2.92
warfarin,5 mg,tablet,2.4
water for injection,,injection,2.89
water for injection,,injection,2.79
water for injection,,injection,57.39
water for injection,,injection,100.73
xylometazoline,0.10%,drops,5.12
xylometazoline,0.05%,drops,4.19
zidovudine,50 mg/5 ml (p),oral liquid,
zidovudine,300 mg,tablet,17.74
zidovudine (a) + lamivudine (b),300 mg (a) + 150 mg (b),tablet,21.09
zidovudine (a) + lamivudine (b),60 mg (a) + 30 mg (b) (p),tablet,
zidovudine (a) + lamivudine (b) + nevirapine (c),300 mg (a) + 150 mg (b) + 200 mg (c),tablet,21.13
zidovudine (a) + lamivudine (b) + nevirapine (c),60 mg (a) + 30 mg (b) + 50 mg (c) (p),tablet,
zinc sulphate,20 mg,tablet,3.41
zoledronic acid,4 mg,powder for injection,2391.91
zolpidem,5 mg,tablet,6.21
zolpidem,10 mg,tablet,8.51
